model,mean,std,p50,p90,n_trips
real,-1.3016162167045453,0.35505670207875467,-1.4411395257592616,-0.9221931110704219,10921
main,-1.3103862067952279,0.2947603728326626,-1.4329355143383113,-0.9380310114499457,8963
main_no_nash,-1.3068574393537666,0.30445535341633034,-1.4383987181229416,-0.9188070727874446,9204
cgan,-0.5866248633485908,0.8027063773951579,-0.7874788722623305,0.37894327571239655,13214
cwgan,-0.48459216727070814,0.8661540246886374,-0.7040292695128536,0.590197436560042,12865
cvae,-0.7586872280088971,0.6995774106786147,-0.9407818108739672,0.057790379878122425,12946
gan,-0.6152465922303704,0.7297965899448382,-0.7825854211980795,0.30688667061492847,10467
wgan,-0.4548008267768599,0.7910833327381772,-0.6309628211790805,0.537037969972624,9925
vae,-0.7574421237000065,0.7507364430824781,-0.9725626981269256,0.12289418532296399,10337
